country,target,exp_var,cont_var
Afghanistan,44.06497,2065.03623501599,106.701080322266
Afghanistan,44.20343,2033.80438893717,103.996162414551
Afghanistan,37.13062,2058.4002210698,102.175788879395
Afghanistan,38.93563,2057.06797755329,102.486473083496
Afghanistan,39.25519,2068.26590413364,103.534523010254
Albania,67.74847,13671.4884222978,104.81273651123
Albania,66.99561,13323.7533559132,106.993423461914
Albania,66.8377,12770.9750370811,107.046600341797
Albania,64.16093,12291.8733773928,105.553863525391
Albania,58.07559,11878.4880933446,105.542976379395
Algeria,48.59758,11510.5570882585,108.845848083496
Algeria,48.49803,11642.1983450506,109.882820129395
Algeria,46.22686,11737.4161588301,111.76448059082
Algeria,46.10981,11826.1664161029,113.830200195313
Algeria,44.2486,11696.9652290603,115.877838134766
Antigua and Barbuda,60.28342,21548.7250080262,104.56028493245434
Antigua and Barbuda,59.85514,21030.3950717884,105.021270751953
Antigua and Barbuda,59.79669,19840.2840357026,103.668960571289
Antigua and Barbuda,58.80632,19419.58079882,104.56028493245434
Antigua and Barbuda,59.23927,18594.2616238259,104.990623474121
Argentina,58.96151,22063.9043717551,109.516296386719
Argentina,58.18388,22759.3985583341,109.659172058105
Argentina,57.31005,23597.117752839,109.74146270752
Argentina,57.2443,23189.5274451329,110.739181518555
Argentina,56.73295,23933.8866120953,111.303413391113
Armenia,74.49401,13653.7633812861,91.8450622558594
Armenia,73.19187,12715.1089539751,92.7152481079102
Armenia,71.49433,12115.1392902637,94.0835189819336
Armenia,70.63154,11303.0678498177,94.5178985595703
Armenia,69.1418,11321.3325403745,95.0036468505859
Australia,81.21506,49455.5385080697,99.7271499633789
Australia,80.70552,49151.6887104846,100.160591125488
Australia,80.76007,48482.6474614392,100.338981628418
Australia,80.22369,48197.431189174,100.744407653809
Australia,80.38389,47636.319641906,101.599906921387
Austria,78.74549,55833.3156857561,103.104927062988
Austria,78.73995,55297.6182880367,103.316848754883
Austria,78.70694,54169.9639937065,103.113151550293
Austria,78.85646,53269.3062047537,102.264358520508
Austria,78.81665,52798.0994607541,101.997482299805
Azerbaijan,76.70888,14439.3014032972,97.9353485107422
Azerbaijan,73.5854,14209.6494059309,99.7220993041992
Azerbaijan,66.82696,14121.4069355591,103.294097900391
Azerbaijan,64.25089,14238.7841366188,106.431739807129
Azerbaijan,65.4481,14853.9105525729,106.601486206055
Bahrain,76.02665,45060.4237448845,98.0279083251953
Bahrain,70.13951,46200.445580954,99.3630523681641
Bahrain,69.09366,47709.7780156397,101.213088989258
Bahrain,68.7147,47937.7090620549,101.093132019043
Bahrain,66.6415,48110.7341930587,101.200508117676
Bangladesh,45.04865,4753.72659686814,115.7275009155275
Bangladesh,42.46602,4440.85547046826,116.466339111328
Bangladesh,41.5632,4160.70332471531,114.988662719727
Bangladesh,41.01625,3920.14450723583,115.7275009155275
Bangladesh,40.90786,3700.11082057504,115.7275009155275
Barbados,57.90615,15639.0478442375,100.337913513184
Barbados,57.6745,15674.9043195592,99.3513488769531
Barbados,57.67127,15789.0411622149,97.7696762084961
Barbados,57.76071,15738.0786618241,97.2829666137695
Barbados,57.67895,15382.7656890531,95.917236328125
Belarus,74.29113,19283.1171477055,100.67320632934587
Belarus,74.35306,18885.2354999668,100.500213623047
Belarus,73.57749,18280.1989190642,101.965789794922
Belarus,72.62337,17822.6065945418,101.077041625977
Belarus,68.72922,18307.5196678406,99.1497802734375
Belgium,74.98904,51742.7263830791,102.619506835938
Belgium,74.74503,51110.9584679336,103.350700378418
Belgium,72.18146,50442.2705419623,103.905570983887
Belgium,72.4092,49828.9629137518,103.317771911621
Belgium,72.42806,49455.4413365318,103.155807495117
Belize,55.47444,7251.9213512161,110.490310668945
Belize,55.28901,7261.87028738671,111.696876525879
Belize,55.27374,7193.63430990343,113.230613708496
Belize,55.36968,7207.00518379997,114.484161376953
Belize,55.36697,7358.58229184617,112.888328552246
Benin,52.40404,3287.30953781986,116.708587646484
Benin,51.71272,3160.7806702321,121.958251953125
Benin,51.57576,3044.51715620319,126.646110534668
Benin,49.72104,2961.4404159762,130.902282714844
Benin,48.65854,2945.97022066349,132.466842651367
Bhutan,65.97305,11832.1582535521,102.092067718506
Bhutan,65.96848,11348.4419521,100.139678955078
Bhutan,65.7664,11142.4746724654,101.334136962891
Bhutan,64.99022,10775.1903107625,102.660682678223
Bhutan,64.86482,10086.0727954667,104.233772277832
Bolivia,51.65574,8724.47418740562,98.5277099609375
Bolivia,51.5617,8655.53149780443,98.1509170532227
Bolivia,50.97713,8423.69755965624,97.5273590087891
Bolivia,50.2251,8202.54423164277,96.5551300048828
Bolivia,49.75552,7984.41198272424,95.9084396362305
Brazil,59.08307,14763.8716968734,111.965782165527
Brazil,58.59449,14668.2561636292,114.476531982422
Brazil,55.6207,14524.6135408175,115.971778869629
Brazil,55.22357,14451.1528421912,114.520278930664
Brazil,55.61506,15064.1760689478,113.369972229004
Brunei Darussalam,70.06387,62098.0113423415,100.099502563477
Brunei Darussalam,69.63482,60389.1846472589,103.15161895752
Brunei Darussalam,67.68007,60994.5315563275,104.857711791992
Brunei Darussalam,62.85225,60867.2918657417,107.122817993164
Brunei Darussalam,57.45747,63147.4834900843,105.527549743652
Bulgaria,71.97405,23191.5745846967,85.9441604614258
Bulgaria,71.80724,22208.4522754771,87.4422073364258
Bulgaria,71.69407,21387.2766420381,89.3337707519531
Bulgaria,71.59242,20513.10095142,91.0832214355469
Bulgaria,72.46018,19620.1539761978,94.1982727050781
Burkina Faso,51.40019,2178.3228791324,94.5357131958008
Burkina Faso,51.26807,2120.33026783506,96.0903701782227
Burkina Faso,51.15106,2044.38698676758,93.6531295776367
Burkina Faso,50.92322,1981.429813531,91.11083984375
Burkina Faso,50.6503,1925.33207544524,88.3661575317383
Burundi,46.77393,751.664152760383,118.960243225098
Burundi,46.47561,761.524125241416,121.421562194824
Burundi,45.91224,773.572858670972,123.859619140625
Burundi,45.68405,794.60427137057,128.042053222656
Burundi,45.57052,825.20566069269,130.903427124023
Cabo Verde,55.03925,7171.8264247567,100.888069152832
Cabo Verde,54.00831,6864.1852980816,104.027969360352
Cabo Verde,53.98064,6643.17989182913,103.282920837402
Cabo Verde,53.40924,6482.72154971014,103.907470703125
Cabo Verde,53.42938,6266.88177858088,105.496841430664
Cambodia,53.84483,4388.80090863468,106.474739074707
Cambodia,53.7971,4159.33819437034,107.414848327637
Cambodia,53.38889,3928.37393363195,107.813056945801
Cambodia,53.15749,3733.52462620965,110.187652587891
Cambodia,52.87481,3546.33938731031,117.078483581543
Cameroon,46.09974,3642.27627296724,105.747840881348
Cameroon,46.00492,3603.54827506808,103.402122497559
Cameroon,45.05227,3554.52153858313,110.320678710938
Cameroon,41.7675,3524.44304142566,116.117301940918
Cameroon,41.89121,3458.69271277942,116.210441589355
Canada,79.64043,49006.7431073981,100.989753723145
Canada,79.6798,48796.8137814007,101.501091003418
Canada,79.30059,48317.0965785817,100.94367980957
Canada,79.54094,47457.5853457244,101.023872375488
Canada,79.75597,47522.1406673151,102.485076904297
Chad,36.93568,1579.62610063652,89.1911392211914
Chad,36.66065,1576.32111465904,89.7342834472656
Chad,35.52606,1587.03232784726,78.5740432739258
Chad,36.00847,1687.05356916322,86.8468704223633
Chad,35.29956,1857.10786365964,91.5831298828125
Chile,72.58023,24967.5802124165,102.370536804199
Chile,72.32025,25028.9099914542,102.179222106934
Chile,71.951,24470.7036236997,101.430160522461
Chile,71.58185,24531.3577390249,100.978256225586
Chile,71.17517,24440.4152640857,100.684837341309
China,77.9313,16092.300767051,101.925720214844
China,73.95071,15242.9858575834,100.222747802734
China,65.20491,14344.4212394424,99.4048080444336
China,64.63553,13487.8224816787,97.9619216918945
China,63.12106,12691.8215526921,96.318603515625
Colombia,70.05964,14585.3024908488,114.000991821289
Colombia,69.24335,14314.8555765268,114.526657104492
Colombia,69.03524,14171.3205005648,114.983268737793
Colombia,69.1652,14194.515663803,116.233703613281
Colombia,68.85918,14095.748356648,115.231887817383
Comoros,47.87291,3059.49172597369,99.47711181640625
Comoros,47.01396,3066.83784677933,99.5066299438477
Comoros,46.87233,3032.26213308112,99.4475936889648
Comoros,46.37003,2987.97027465784,99.47711181640625
Comoros,46.24941,2959.49809656739,99.47711181640625
"Congo, Dem. Rep.",36.20973,1097.9488401154,113.21834564209
"Congo, Dem. Rep.",35.23313,1085.89368770943,118.459609985352
"Congo, Dem. Rep.",34.57002,1059.81076228861,113.21834564209
"Congo, Dem. Rep.",34.39028,1055.57291467758,113.21834564209
"Congo, Dem. Rep.",34.35533,1065.24257721582,107.977081298828
Costa Rica,69.2383,20805.343678104,116.182289123535
Costa Rica,68.83187,20559.8604252658,113.294288635254
Costa Rica,69.30028,20347.0347715842,110.833473205566
Costa Rica,67.67937,19736.6653042295,111.761138916016
Costa Rica,67.67451,19141.6830724515,111.297950744629
Cote d'Ivoire,60.68796,5212.5540214586,100.315338134766
Cote d'Ivoire,58.34417,5033.47882607719,99.7997512817383
Cote d'Ivoire,52.98796,4830.75051522678,98.3680191040039
Cote d'Ivoire,50.95707,4615.70925676518,95.8866882324219
Cote d'Ivoire,50.32956,4417.15021465621,90.6590423583984
Croatia,73.62096,28753.5162699607,93.2231063842773
Croatia,72.95462,27799.8433225132,94.6030502319336
Croatia,72.60762,26800.118975807,96.4710311889648
Croatia,72.15494,25599.8436234435,98.200569152832
Croatia,71.35304,24562.453617545,100.579231262207
Cyprus,73.35105,40226.8094909879,100.477699279785
Cyprus,72.77735,39559.4879646749,99.7954406738281
Cyprus,72.28343,38050.8577356233,99.3066864013672
Cyprus,72.31415,36523.7332079973,98.5455093383789
Cyprus,71.95361,34472.2985065115,99.3001174926758
Czech Republic,76.34054,40981.0565086432,100.296669006348
Czech Republic,76.322,39932.992193117,100.508987426758
Czech Republic,76.42162,38824.8879170919,100.670989990234
Czech Republic,76.38834,37014.9592935816,100.208877563477
Czech Republic,76.10923,36168.4185553861,99.5166778564453
Denmark,85.28856,57161.6863893418,100.267669677734
Denmark,85.17028,56178.7746299825,100.523910522461
Denmark,84.5806,55356.680780178,101.268089294434
Denmark,84.59517,54185.0084787703,101.804832458496
Denmark,84.50938,52892.6460290247,101.456443786621
Djibouti,60.49674,5534.76617152744,75.2879409790039
Djibouti,58.38141,5214.07218666426,70.2976913452148
Djibouti,50.88048,4885.20503911992,69.5962371826172
Djibouti,47.15118,4709.52388928192,69.3829574584961
Djibouti,44.26206,4488.80265798112,70.1320419311523
Dominica,60.54797,11905.8705154398,100.375762939453
Dominica,60.54557,11537.0190725758,110.431198120117
Dominica,61.66778,11304.0433278877,110.431198120117
Dominica,61.23575,12154.7514389872,114.726623535156
Dominica,61.48672,11873.7418376836,116.191207885742
Dominican Republic,59.98867,18412.8999875519,112.228210449219
Dominican Republic,59.32073,17711.7955337583,105.69864654541
Dominican Republic,59.12432,16735.3644228294,107.799812316895
Dominican Republic,57.699,16166.6115259959,110.298751831055
Dominican Republic,57.90154,15328.3595089817,111.40535736084
Ecuador,57.7227,11370.603299072,101.197547912598
Ecuador,57.6141,11561.747853143,103.267951965332
Ecuador,57.49538,11617.9122190573,103.534942626953
Ecuador,57.52173,11551.6159731776,104.934959411621
Ecuador,57.10316,11896.3751614302,107.683837890625
"Egypt, Arab Rep.",60.05364,11763.2532849551,106.409561157227
"Egypt, Arab Rep.",58.51399,11366.3355206681,106.284927368164
"Egypt, Arab Rep.",55.79763,11014.4864791744,106.13346862793
"Egypt, Arab Rep.",55.47428,10795.8087418385,105.393577575684
"Egypt, Arab Rep.",54.70209,10570.4452319757,106.05538368225125
El Salvador,65.25247,8796.06206368967,90.312629699707
El Salvador,64.92118,8614.01795915499,94.8271102905273
El Salvador,64.70983,8454.05555134378,96.1506423950195
El Salvador,62.65253,8309.44179938698,99.8004531860352
El Salvador,62.40213,8143.22444194766,102.657569885254
Estonia,80.61685,36399.9292208916,97.9281921386719
Estonia,80.79339,35097.7041021572,97.6676864624023
Estonia,80.76691,33821.93290847,97.2301712036133
Estonia,80.7042,32008.9343566614,97.1177978515625
Estonia,80.53864,31038.8046287051,97.1464080810547
Eswatini,59.49273,8621.8040669514,114.45629119873
Eswatini,58.71977,8520.59238619335,114.693618774414
Eswatini,58.62573,8408.04312159643,115.160140991211
Eswatini,58.37605,8321.03191383719,116.795013427734
Eswatini,56.9378,8304.65845837116,119.215377807617
Fiji,61.47892,13684.3608160228,116.459106445313
Fiji,61.38188,13846.1588353285,109.87148539225298
Fiji,61.34481,13429.3006222384,109.87148539225298
Fiji,61.26819,12820.7246047956,106.438888549805
Fiji,62.79354,12569.1431129142,106.716461181641
Finland,80.17834,48641.6240784137,99.9157333374023
Finland,80.04165,48049.5837841337,100.205108642578
Finland,79.98436,47570.133583848,100.154640197754
Finland,80.09777,46206.7878130494,100.418838500977
Finland,80.10477,45072.5902146238,100.560791015625
France,76.80465,46017.7659610004,102.539482116699
France,76.77957,45284.0027939624,102.464408874512
France,76.01011,44577.0645745394,102.417221069336
France,76.25038,43705.1475593257,102.260429382324
France,76.14755,43345.7864281559,101.989639282227
"Gambia, The",50.29381,2222.87959013357,101.659973144531
"Gambia, The",47.82604,2158.07755816639,98.0143814086914
"Gambia, The",47.75707,2072.64683284207,95.2371063232422
"Gambia, The",47.75618,2036.87715930988,92.0222091674805
"Gambia, The",46.23324,2058.65814621739,90.0451278686523
Georgia,83.73393,14989.2581602038,99.2988815307617
Georgia,83.4992,14253.4089858441,98.6308364868164
Georgia,83.01189,13589.7073915159,100.358306884766
Georgia,80.79351,12963.7439586374,100.343948364258
Georgia,78.30005,12605.1400698178,102.753471374512
Germany,79.71004,53929.6392852715,102.516181945801
Germany,79.34794,53486.8405707004,103.894561767578
Germany,79.34962,53071.4555699913,104.022361755371
Germany,79.5543,51879.6725937905,102.677558898926
Germany,79.5005,51159.2974643888,101.667449951172
Ghana,59.96017,5396.86608780051,104.841407775879
Ghana,60.43442,5177.88398862782,103.568466186523
Ghana,58.37525,4983.68885597284,105.509880065918
Ghana,58.03559,4712.51435451414,106.727966308594
Ghana,56.99383,4662.30319092518,108.337890625
Greece,68.42391,29723.2219580446,99.9662017822266
Greece,67.40997,29150.6944922443,99.3664321899414
Greece,67.11485,28645.0436174422,99.5534820556641
Greece,67.08976,28226.9072784414,99.2777328491211
Greece,66.92296,28248.1259561464,99.5262985229492
Grenada,53.44488,17050.2930413479,112.337131500244
Grenada,53.37453,16801.9552384337,106.850761413574
Grenada,53.30874,16217.4998498411,111.447731018066
Grenada,53.41014,15613.6901268414,112.497871398926
Grenada,53.57188,15142.06257045,118.55216217041
Guatemala,62.59562,8653.30819508205,101.873489379883
Guatemala,62.53299,8462.17210684372,101.902618408203
Guatemala,61.52534,8322.21680991504,101.194892883301
Guatemala,61.95631,8206.04798668298,100.812301635742
Guatemala,61.68036,8125.65553391647,101.512687683105
Honduras,56.26791,5736.18163330613,91.4544677734375
Honduras,55.97099,5680.36288396582,92.08793830871582
Honduras,55.88601,5561.99454219124,91.5349578857422
Honduras,55.73586,5395.61455082235,92.5846862792969
Honduras,56.12768,5283.41691357908,92.7776412963867
"Hong Kong SAR, China",85.3154,59586.2040065092,109.322532653809
"Hong Kong SAR, China",85.08628,61062.9476532626,108.617668151855
"Hong Kong SAR, China",85.04858,59849.2481763342,107.762321472168
"Hong Kong SAR, China",84.76059,58096.2992560876,108.141746520996
"Hong Kong SAR, China",84.32249,57215.948033846,110.226760864258
Hungary,73.41584,32553.5236997988,95.4909362792969
Hungary,73.23963,31095.557503677,96.7604827880859
Hungary,72.6828,29465.1262413898,100.805473327637
Hungary,71.3825,28170.8213622975,101.878807067871
Hungary,71.06578,27499.3244662857,102.325119018555
Iceland,78.96154,56935.7727270827,100.969352722168
Iceland,79.011,56818.1958373473,100.439910888672
Iceland,78.99464,55638.4920591796,100.351440429688
Iceland,79.00524,54665.7639158138,99.5341415405273
Iceland,78.97419,52142.9328074888,98.6254272460938
India,71.04511,6713.93221110733,96.8286819458008
India,67.49639,6518.84505546914,108.2025241851807
India,60.9076,6182.92210857473,112.957862854004
India,55.94046,5851.3948804932,114.53832244873
India,54.52099,5464.39405731664,108.485229492188
Indonesia,69.57879,11811.9755589147,105.973093032837
Indonesia,68.184,11371.7255560847,106.410820007324
Indonesia,66.86799,10935.6317158256,105.911430358887
Indonesia,64.66011,10531.1109693569,105.609878540039
Indonesia,62.11215,10149.6038700252,105.960243225098
"Iran, Islamic Rep.",58.54658,12389.2233504388,110.28127288818366
"Iran, Islamic Rep.",58.63915,13471.8606376875,110.28127288818366
"Iran, Islamic Rep.",55.69678,14535.8735778483,110.707542419434
"Iran, Islamic Rep.",55.70786,14205.2116338951,111.235572814941
"Iran, Islamic Rep.",55.37743,12698.1091975659,108.900703430176
Ireland,79.57614,86650.0046591322,100.980857849121
Ireland,79.58999,83726.362960889,101.03288269043
Ireland,80.10187,77749.2019569363,100.852783203125
Ireland,80.10484,72150.0399688693,101.341491699219
Ireland,79.79674,71508.7338395954,101.184638977051
Israel,76.67572,40007.3191584114,104.530158996582
Israel,74.98013,39418.3453068224,104.688430786133
Israel,74.34011,38833.9734252986,104.901123046875
Israel,74.20098,38234.7244825066,104.748046875
Israel,72.99577,37554.5986562961,105.623962402344
Italy,72.85055,42662.5223699096,100.969337463379
Italy,73.04291,42052.5563822519,101.247947692871
Italy,73.19206,41581.120790548,101.879356384277
Italy,71.82565,40837.7376281437,99.4254608154297
Italy,71.68638,40247.8290437942,100.386749267578
Japan,77.99983,42022.4896153768,97.84671783447266
Japan,78.04159,41821.7085276266,97.5868835449219
Japan,78.01404,41505.0824777862,97.7104873657227
Japan,77.9374,40754.102931535,98.2427825927734
Japan,77.52941,40402.581505529,97.84671783447266
Jordan,68.97453,10071.379888314,81.7992095947266
Jordan,61.28281,10013.3976633388,81.4589004516602
Jordan,59.92558,10003.5749827297,80.770866394043
Jordan,57.0245,10036.5436154339,78.560417175293
Jordan,56.73912,10145.8366996846,80.64734840393069
Kazakhstan,79.55915,26351.8044418782,104.37133026123
Kazakhstan,78.04085,25544.3447563035,105.836730957031
Kazakhstan,76.87746,24862.9661245889,108.747756958008
Kazakhstan,74.84879,24210.8629616382,109.885208129883
Kazakhstan,70.91902,24290.4176339265,111.640083312988
Kenya,73.21648,4329.87188383259,103.433452606201
Kenya,70.97866,4203.83827267811,103.433452606201
Kenya,65.40809,4046.23477111755,103.433452606201
Kenya,62.79134,3952.75813183016,103.205337524414
Kenya,58.00993,3824.75930317654,103.661567687988
Kiribati,46.93884,2270.10860723388,104.37985992431634
Kiribati,46.76976,2254.05923175595,104.37985992431634
Kiribati,46.16176,2235.69498518996,101.304611206055
Kiribati,46.74575,2247.91977861726,106.283836364746
Kiribati,45.40564,2168.99773241889,105.551132202148
"Korea, Rep.",84.00083,42719.0002563009,100.989448547363
"Korea, Rep.",83.96046,41948.3460057222,99.6097793579102
"Korea, Rep.",83.96525,40957.4180587145,98.0886001586914
"Korea, Rep.",83.96555,39814.6589279289,97.7184219360352
"Korea, Rep.",83.08952,38828.7409976118,98.784538269043
Kuwait,67.40473,49853.7362805684,88.0060882568359
Kuwait,62.56073,50478.5875050676,92.3602676391602
Kuwait,61.78943,50855.5528597544,95.6887969970703
Kuwait,59.96924,54708.9797919819,100.532150268555
Kuwait,60.65525,54834.3916726177,102.589736938477
Kyrgyz Republic,67.82089,5258.36669601039,106.047813415527
Kyrgyz Republic,65.41049,5133.1519146081,107.565406799316
Kyrgyz Republic,62.35959,5046.69153549095,107.042427062988
Kyrgyz Republic,61.31719,4912.38248430885,104.601470947266
Kyrgyz Republic,61.2702,4805.14109238388,105.41007232666
Lao PDR,50.82456,7886.65281419668,100.045959472656
Lao PDR,49.77807,7592.82947474583,102.360992431641
Lao PDR,49.98578,7257.81210698745,106.017402648926
Lao PDR,49.05728,6896.12737379045,109.651756286621
Lao PDR,48.20686,6543.67068865935,113.965599060059
Latvia,80.28054,30858.750074744,99.9834365844727
Latvia,80.31973,30036.0865499334,99.614387512207
Latvia,79.99279,28650.0077575999,99.3678436279297
Latvia,80.59931,27503.1773004104,99.1985473632813
Latvia,79.13397,26621.2722286526,99.3933181762695
Lesotho,59.4294,2583.92437114575,118.40909576416033
Lesotho,58.68291,2614.65884916972,118.40909576416033
Lesotho,58.56005,2668.29142526247,120.897499084473
Lesotho,58.01146,2776.74098382062,117.695266723633
Lesotho,55.18767,2701.42185521194,116.634521484375
Liberia,43.22747,1427.8190899409,89.97070312500004
Liberia,43.54307,1497.00478720289,89.97070312500004
Liberia,43.58222,1515.64453975331,85.1091918945313
Liberia,39.98301,1516.35571427608,89.4702072143555
Liberia,39.95919,1580.47922766632,95.3327102661133
Lithuania,81.61948,37062.5867515036,102.992378234863
Lithuania,80.95864,35427.4618636641,104.265342712402
Lithuania,80.63462,33761.871239796,103.87474822998
Lithuania,79.21677,31925.8034212317,102.891799926758
Lithuania,78.99313,30748.1963109529,102.089256286621
Luxembourg,69.6031,113940.23744151,104.654457092285
Luxembourg,69.58703,113589.670473448,103.276336669922
Luxembourg,69.58844,112308.17379315,102.285949707031
Luxembourg,69.1733,113035.834714458,100.78978729248
Luxembourg,69.15342,110446.086101647,98.9722518920898
"Macao SAR, China",,127161.499444924,101.342720031738
"Macao SAR, China",,132416.8028844,100.409370422363
"Macao SAR, China",,126183.676088526,101.430252075195
"Macao SAR, China",,116556.788348295,101.528541564941
"Macao SAR, China",,119439.768338955,99.3445816040039
Madagascar,47.72865,1618.53231427249,134.061462402344
Madagascar,47.04235,1592.05355843859,142.534286499023
Madagascar,46.38142,1584.42447526047,141.93353271484375
Madagascar,42.74769,1565.86755310165,143.824188232422
Madagascar,41.89608,1546.76704618335,147.314193725586
Malawi,60.9371,1514.66267654193,144.810989379883
Malawi,60.362,1471.03724879602,142.457824707031
Malawi,59.52076,1446.47306246706,145.488876342773
Malawi,53.22437,1428.42391726074,144.532943725586
Malawi,49.70961,1432.08525892858,146.396820068359
Malaysia,81.47337,28364.4763211606,104.382522583008
Malaysia,81.33541,27558.1369502408,104.935997009277
Malaysia,78.77204,26661.5074160333,105.291603088379
Malaysia,78.27291,25541.7705112243,104.999183654785
Malaysia,78.60753,24787.8237457166,103.818672180176
Maldives,53.27453,19531.0425624222,98.0381622314453
Maldives,53.2984,18795.5303498427,96.5971374511719
Maldives,53.20063,18058.5810797009,97.1098022460938
Maldives,52.38841,17584.1475352396,99.4276962280273
Maldives,52.4375,17284.6478941089,101.534942626953
Mali,52.94472,2321.91717305646,77.15620422363283
Mali,53.12964,2283.70241285673,75.6006011962891
Mali,52.87624,2246.79742084484,80.1707763671875
Mali,52.61403,2198.56038119009,77.1702575683594
Mali,50.27763,2139.73629713506,75.6831817626953
Malta,66.13941,43950.5880527847,106.606178283691
Malta,65.4975,43313.4770253615,106.674171447754
Malta,65.21409,42644.0508459903,104.99836730957
Malta,64.77862,40536.7181783198,103.97274017334
Malta,62.28109,39845.1145672313,103.549201965332
Marshall Islands,50.8911,4029.08632919678,79.5557022094727
Marshall Islands,50.93322,3806.68972448112,83.93682352701823
Marshall Islands,50.94163,3706.25315797355,83.93682352701823
Marshall Islands,50.90663,3605.47768872129,84.7401580810547
Marshall Islands,50.5639,3586.05642087459,87.5146102905273
Mauritania,51.06288,5197.0722508281,100.408630371094
Mauritania,49.37674,5042.43119844404,99.8917617797852
Mauritania,48.44839,5077.18598735595,96.6590423583984
Mauritania,46.88194,5045.89672406524,96.8344192504883
Mauritania,43.75791,5127.43228246614,104.511032104492
Mauritius,81.46811,22870.2862495308,99.5205612182617
Mauritius,80.33655,22208.1381171868,101.107597351074
Mauritius,78.89594,21415.1161096211,101.525238037109
Mauritius,76.48622,20646.9330000973,102.453407287598
Mauritius,76.02546,19897.4753965644,102.920539855957
Mexico,72.35556,19701.337669842,104.655822753906
Mexico,72.3064,19928.3956618582,105.02806854248
Mexico,72.53669,19721.2609759241,105.770011901855
Mexico,72.37307,19539.2612488443,106.277732849121
Mexico,71.64492,19268.9143963283,106.606109619141
"Micronesia, Fed. Sts.",48.10341,3466.41329281782,96.8056030273438
"Micronesia, Fed. Sts.",48.09786,3460.90904773797,97.00568898518884
"Micronesia, Fed. Sts.",48.10096,3490.13048688552,97.00568898518884
"Micronesia, Fed. Sts.",48.08887,3437.38984001769,97.0367202758789
"Micronesia, Fed. Sts.",48.09489,3448.30369231563,97.1747436523438
Moldova,74.39091,13022.0046061019,104.831916809082
Moldova,73.12546,12363.1468378401,103.163192749023
Moldova,72.72602,11651.3174546862,103.542449951172
Moldova,72.5204,10942.5508739575,104.37663269043
Moldova,71.39344,10360.8295911083,105.689743041992
Mongolia,67.77262,12316.7913725436,103.416007995605
Mongolia,67.67673,11915.5567471637,104.04035949707
Mongolia,67.40642,11311.7611259291,102.934089660645
Mongolia,66.1351,10940.4186480461,102.969802856445
Mongolia,65.29449,11022.9785342491,100.362373352051
Montenegro,73.81891,21533.949235748,100.633377075195
Montenegro,73.70804,20686.5759142606,100.002548217773
Montenegro,73.84108,19682.2833488194,98.1132125854492
Montenegro,71.22233,18797.9056157308,95.9437484741211
Montenegro,70.60633,18263.6006034136,95.4030914306641
Morocco,73.38133,7537.48527234118,114.764678955078
Morocco,71.67294,7446.93622037578,113.876579284668
Morocco,69.21146,7312.05677903856,112.402160644531
Morocco,69.23623,7106.24124906058,110.395782470703
Morocco,67.39799,7126.67058575575,109.523971557617
Mozambique,54.9955,1281.50604143547,116.381141662598
Mozambique,54.56326,1289.73594800556,112.60498046875
Mozambique,52.78803,1283.65986980986,107.813247680664
Mozambique,52.06337,1273.78363325041,108.646560668945
Mozambique,52.81247,1262.61312778202,108.62914276123
Myanmar,46.82775,5082.50316102148,111.144920349121
Myanmar,43.4838,5029.1880858737,112.306671142578
Myanmar,42.97482,4739.91544500094,112.223648071289
Myanmar,42.67139,4482.92679957997,108.904441833496
Myanmar,42.12121,4268.5006767951,111.144920349121
Namibia,61.35078,9845.21306790198,124.213779449463
Namibia,61.35142,10092.258820242,124.248390197754
Namibia,61.10494,10171.4214929004,124.179168701172
Namibia,60.08295,10471.2792874759,124.213779449463
Namibia,60.04482,10662.8299304666,124.213779449463
Nauru,,13527.411941066,121.704917907715
Nauru,,13636.3609415279,124.0692443847655
Nauru,,12975.3923824717,124.0692443847655
Nauru,,13901.9536121477,126.433570861816
Nauru,,13551.9625979464,124.0692443847655
Nepal,63.1866,3952.76034914913,142.143463134766
Nepal,59.65408,3773.71591761441,143.6823806762695
Nepal,59.98159,3565.19780740052,143.919540405273
Nepal,58.02771,3315.8144141419,144.488845825195
Nepal,59.70833,3331.87176945857,144.177673339844
Netherlands,76.10376,56784.0372529824,106.095817565918
Netherlands,76.09693,56060.9136269404,105.221031188965
Netherlands,76.08463,55088.6338006744,104.229621887207
Netherlands,75.57281,53847.8265545448,103.286758422852
Netherlands,75.5221,52974.1162200949,102.697601318359
New Zealand,86.76465,42877.9429107086,101.677696228027
New Zealand,87.00452,42866.1272276586,101.071418762207
New Zealand,87.02213,42285.319902666,99.9747619628906
New Zealand,87.16633,41672.1012399483,98.8214492797852
New Zealand,87.13471,41086.1153021682,97.9427795410156
Niger,56.75932,1224.51026155853,66.415412902832
Niger,52.3119,1200.97246385835,71.54496192932127
Niger,51.17303,1163.68778361139,74.736198425293
Niger,49.32578,1151.65787379293,73.4323272705078
Niger,46.32429,1132.33120491778,71.5959091186523
Nigeria,56.87589,5135.49946875343,86.08993530273435
Nigeria,53.40471,5155.07599367409,87.454231262207
Nigeria,52.02699,5190.35612668836,86.08993530273435
Nigeria,48.47451,5284.89322799694,84.7256393432617
Nigeria,48.37466,5514.77027265177,86.08993530273435
North Macedonia,80.74807,16600.1436488516,96.3979314168294
North Macedonia,80.65175,16093.3104230501,98.1753768920898
North Macedonia,80.33318,15649.9274193472,97.1259536743164
North Macedonia,80.5866,15491.7435930236,96.3979314168294
North Macedonia,77.91775,15072.9475418471,93.892463684082
Norway,82.62729,64452.812617024,100.21533203125
Norway,82.91579,64341.2589026158,100.077629089355
Norway,82.65956,64050.7561654656,100.260208129883
Norway,82.35614,63104.1003947269,100.225883483887
Norway,81.83183,62987.5358625454,99.9049301147461
Oman,69.98474,27294.5729762764,102.939720153809
Oman,68.84249,28350.9435298546,103.392059326172
Oman,68.57321,29077.3635995539,106.364692687988
Oman,68.05891,30184.8701587714,108.273902893066
Oman,66.34092,30146.9560518823,108.304573059082
Pakistan,60.95491,4690.48477660926,95.4841384887695
Pakistan,55.45628,4739.47271266276,94.3282012939453
Pakistan,53.01708,4571.20507840804,90.5891723632813
Pakistan,52.474,4421.58192929723,91.3174591064453
Pakistan,50.36994,4278.34666284049,85.0899200439453
Panama,66.56045,31432.1132703975,94.52836608886717
Panama,66.86797,31012.9461549459,94.52836608886717
Panama,66.46234,30446.8372293853,94.385986328125
Panama,64.72195,29332.4145393568,93.1219787597656
Panama,64.72621,28431.0824221868,96.0771331787109
Papua New Guinea,59.77357,4349.80804806069,112.2678337097165
Papua New Guinea,59.37055,4190.0948949613,115.989807128906
Papua New Guinea,59.39568,4285.62875648139,112.2678337097165
Papua New Guinea,59.33379,4222.52499305271,108.545860290527
Papua New Guinea,55.96186,4083.75243695251,112.2678337097165
Peru,68.69658,12853.6920747721,113.477226257324
Peru,68.27159,12781.4164435302,106.945121765137
Peru,67.76048,12506.5293750586,103.519569396973
Peru,67.5175,12403.6871416862,103.060279846191
Peru,67.22451,12110.2668971421,100.236846923828
Philippines,62.82943,8914.72379820449,99.1477203369141
Philippines,60.87374,8516.13654897274,101.86222076416
Philippines,59.33172,8120.86879329703,107.509773254395
Philippines,59.25872,7705.05376971311,110.173927307129
Philippines,58.23012,7300.13621040525,112.250930786133
Poland,76.38122,33120.517844588,97.1727828979492
Poland,76.93317,31674.1316243417,96.8851928710938
Poland,77.85723,30064.5034841771,100.015899658203
Poland,77.68044,28682.6939326326,98.02462514241535
Poland,76.93009,27797.0584233597,98.02462514241535
Portugal,76.46616,34879.7059746537,107.392883300781
Portugal,76.44344,34040.7255617749,106.826728820801
Portugal,76.50889,33044.7167387479,106.183128356934
Portugal,76.66433,31847.5377347647,105.737518310547
Portugal,76.36078,31118.7906703279,106.962631225586
Qatar,68.66573,90043.7990029688,103.538063049316
Qatar,66.70677,90970.0609016321,103.842437744141
Qatar,66.02767,91738.7527899469,103.280738830566
Qatar,65.41549,95601.8073141158,103.032638549805
Qatar,66.49467,95965.2512366176,102.576522827148
Romania,73.3332,29857.6464700842,87.5029525756836
Romania,72.51292,28523.4731832065,87.3253784179688
Romania,73.04132,27141.9193326803,85.1508712768555
Romania,72.85135,25145.0133479761,86.9076766967773
Romania,72.72233,23878.1885373067,89.1720428466797
Russian Federation,78.16284,27210.5459977867,104.173629760742
Russian Federation,77.40044,26656.4095416865,104.678817749023
Russian Federation,76.54336,25926.4438539743,102.582458496094
Russian Federation,75.25999,25490.7082574641,99.8143920898438
Russian Federation,74.09598,25488.0961196394,99.0729064941406
Rwanda,76.48282,2227.51703252759,131.311874389648
Rwanda,75.37431,2088.74922433298,133.041549682617
Rwanda,71.07347,1975.24866113275,137.68180847168
Rwanda,68.97118,1950.52626543078,141.278686523438
Rwanda,67.05448,1889.15810576486,139.624359130859
Samoa,62.07404,6516.52067751809,115.109359741211
Samoa,62.06781,6322.2089973185,110.524208068848
Samoa,62.05797,6480.84540672125,108.548843383789
Samoa,60.03645,6440.79742169426,107.258140563965
Samoa,60.21082,5992.43932095216,106.372787475586
San Marino,64.19133,60847.1067610929,97.3498229980469
San Marino,64.15819,59576.4293867845,97.1951904296875
San Marino,61.8841,58867.0133632425,97.2725067138672
San Marino,61.93725,59009.7986757906,97.2725067138672
San Marino,61.37859,58061.8567960786,97.2725067138672
Sao Tome and Principe,44.9711,4005.3416234,106.08222198486332
Sao Tome and Principe,44.97215,3993.27879583907,106.08222198486332
Sao Tome and Principe,44.67002,3952.94539403456,106.791542053223
Sao Tome and Principe,44.2853,3878.8298699884,106.188537597656
Sao Tome and Principe,43.77009,3794.35859507025,105.266586303711
Saudi Arabia,71.55722,46962.147688222,100.712738037109
Saudi Arabia,63.84761,47592.7671473292,99.7698974609375
Saudi Arabia,62.08336,47306.222319502,99.458122253418
Saudi Arabia,59.44422,48625.8438167915,105.127059936523
Saudi Arabia,59.16318,48921.2152517247,110.393020629883
Senegal,59.275,3361.46154773707,82.0738525390625
Senegal,54.37982,3309.48617330672,83.5039176940918
Senegal,54.01704,3203.90636811769,83.5039176940918
Senegal,50.27484,3067.66557684345,83.5039176940918
Senegal,49.55865,2966.45534736483,84.9339828491211
Serbia,75.65345,18292.175030713,99.6447067260742
Serbia,73.92341,17452.7958990327,100.301933288574
Serbia,73.75306,16611.0168589401,100.312927246094
Serbia,73.27635,16182.8216850199,100.571273803711
Serbia,69.96245,15578.2028500791,101.342918395996
Seychelles,61.70497,27521.1667744956,100.363677978516
Seychelles,61.50211,27342.1616519905,100.379493713379
Seychelles,61.51062,27242.6560347508,99.8453216552734
Seychelles,60.50169,26309.6859033258,101.900672912598
Seychelles,58.95821,25500.4865590545,104.373107910156
Sierra Leone,47.45831,1719.78974431978,143.725173950195
Sierra Leone,47.24268,1663.29348036377,112.754570007324
Sierra Leone,47.08868,1642.60747049629,124.476287841797
Sierra Leone,47.21918,1610.55096934817,118.246780395508
Sierra Leone,46.8995,1551.82309051333,116.099128723145
Singapore,86.1981,98411.5820616053,100.692581176758
Singapore,85.84348,98222.846041782,100.261871337891
Singapore,85.57215,95350.4356748021,100.626953125
Singapore,85.44138,91307.5036202199,100.773208618164
Singapore,84.89222,89519.7357100565,100.58865356445325
Slovak Republic,75.58542,31871.3349174843,100.822792053223
Slovak Republic,75.445,31132.5729674338,99.7079925537109
Slovak Republic,75.15124,30077.8455329271,98.732048034668
Slovak Republic,75.03118,29250.1180428621,97.8521728515625
Slovak Republic,74.84151,28676.2656111842,98.4929962158203
Slovenia,76.51751,38946.6853820836,103.011436462402
Slovenia,76.4142,37984.1329244764,102.062217712402
Slovenia,76.39486,36507.5530416531,100.396743774414
Slovenia,75.41048,34853.0421239497,99.8380126953125
Slovenia,74.71274,33799.725526308,99.9498291015625
Solomon Islands,55.26279,2660.97969650967,104.289657592773
Solomon Islands,55.20356,2697.64643055486,106.206489562988
Solomon Islands,54.87857,2663.93950830045,112.623901367188
Solomon Islands,55.11571,2596.54593765104,114.374267578125
Solomon Islands,54.71827,2518.64747830047,113.593856811523
South Africa,67.01897,12481.8135074777,98.3744735717773
South Africa,66.69548,12627.9285840445,98.5389022827148
South Africa,65.32778,12701.3489331232,100.864730834961
South Africa,65.40686,12702.9170758026,103.184959411621
South Africa,66.24035,12840.0354033768,105.570388793945
Spain,77.93588,40803.6269757506,102.402519226074
Spain,77.69995,40256.9524767458,101.989349365234
Spain,77.62772,39528.9253872668,102.710289001465
Spain,77.63075,38477.5791805612,104.214172363281
Spain,75.92621,37377.068016704,106.363990783691
Sri Lanka,61.80614,13070.1256448919,100.230056762695
Sri Lanka,61.75867,12860.3208303539,100.162017822266
Sri Lanka,59.95122,12584.1047924776,100.632713317871
Sri Lanka,59.82373,12287.4730695098,101.47403717041
Sri Lanka,59.18186,11890.5165276211,101.661468505859
St. Kitts and Nevis,54.63689,26235.5545488063,108.5187530517575
St. Kitts and Nevis,54.60701,25901.6333033394,108.5187530517575
St. Kitts and Nevis,54.60143,25360.0910245676,108.5187530517575
St. Kitts and Nevis,54.42189,26075.7424952592,108.735542297363
St. Kitts and Nevis,55.59384,25569.4841249091,108.301963806152
St. Lucia,63.6504,15448.34490734,102.334533691406
St. Lucia,63.62984,15261.3643508088,102.598243713379
St. Lucia,63.57439,14945.7332820006,102.001403808594
St. Lucia,63.47845,14516.2421185041,101.908660888672
St. Lucia,63.50018,14029.5909199045,101.142379760742
St. Vincent and the Grenadines,57.0869,12484.72871235,111.06450843811025
St. Vincent and the Grenadines,56.98254,12466.4161360546,113.404373168945
St. Vincent and the Grenadines,56.97521,12245.1263378297,110.661796569824
St. Vincent and the Grenadines,56.96928,12163.6049814344,109.971626281738
St. Vincent and the Grenadines,57.07066,11973.4193690941,110.220237731934
Sudan,44.82932,4185.60063543936,76.2055778503418
Sudan,48.01814,4344.52988671066,78.9529037475586
Sudan,45.00301,4327.78255278914,76.8160629272461
Sudan,44.82494,4234.75753645415,75.9073715209961
Sudan,45.52208,4187.86272224264,73.1459732055664
Suriname,47.46427,19036.7450382918,109.227439880371
Suriname,47.43149,19005.6543464151,108.84211730957
Suriname,47.40665,18283.6883894232,110.557518005371
Suriname,47.39893,18180.6026123974,115.546989440918
Suriname,46.42834,19317.0545070113,115.80362701416
Sweden,81.99155,52850.5691792533,126.164131164551
Sweden,82.01848,52349.2924275599,128.643539428711
Sweden,82.17491,51947.9542478244,126.575378417969
Sweden,82.15071,51334.4320301641,124.851051330566
Sweden,81.63208,50928.962975552,122.937446594238
Switzerland,76.61864,70944.3548128194,105.78727722168
Switzerland,76.61632,70597.2920689752,105.476470947266
Switzerland,76.60784,69103.570264696,105.19068145752
Switzerland,76.42092,68663.2438230835,104.629112243652
Switzerland,76.42844,68025.9200383988,104.184196472168
Tajikistan,61.26761,3581.41140185513,98.81731923421223
Tajikistan,55.38718,3415.32233593608,98.81731923421223
Tajikistan,54.34213,3252.93265536068,100.857437133789
Tajikistan,53.43689,3113.25451664416,97.9857330322266
Tajikistan,51.84299,2984.49491330069,97.6087875366211
Tanzania,54.46329,2660.42043252302,96.2744674682617
Tanzania,54.28952,2590.20113826159,94.1686935424805
Tanzania,53.98306,2530.603317381,89.2176818847656
Tanzania,53.86676,2441.63694514804,85.2978591918945
Tanzania,49.69225,2354.13898543629,84.6794662475586
Thailand,80.09233,18453.4698218155,101.052673339844
Thailand,79.51709,18095.7365704368,99.7743606567383
Thailand,78.45338,17422.9523512059,99.6250305175781
Thailand,72.79843,16782.0986705337,100.757530212402
Thailand,71.94455,16285.3865749723,100.650863647461
Timor-Leste,39.36487,3552.59699769392,112.482978820801
Timor-Leste,39.69791,3051.66811727864,115.307807922363
Timor-Leste,37.98983,3145.4831207097,119.765129089355
Timor-Leste,38.17997,3344.57088351568,125.721252441406
Timor-Leste,39.3307,3297.88916309166,128.213912963867
Togo,62.28934,2121.89991847011,124.31861114502
Togo,55.26888,2061.33417572853,123.764633178711
Togo,48.7524,2012.24069260973,124.350967407227
Togo,48.10323,1976.80779349156,125.107147216797
Togo,46.92875,1920.46930701736,128.044006347656
Tonga,61.38921,6378.1283460138,115.448257446289
Tonga,61.65064,6411.28936778647,117.9375
Tonga,61.57496,6467.12427796495,116.57490793863934
Tonga,61.14383,6312.32630161575,116.57490793863934
Tonga,61.32947,5944.4526863595,116.338966369629
Tunisia,68.65706,10755.5726608392,115.142673492432
Tunisia,67.22278,10763.7297838206,115.44596862793
Tunisia,65.29842,10605.2948839809,115.649612426758
Tunisia,65.54085,10524.9135954983,114.92017364502
Tunisia,64.56559,10510.3303060416,114.55493927002
Turkey,76.79104,28199.0515906708,97.0574722290039
Turkey,75.25248,28312.6834243604,94.9104537963867
Turkey,70.9145,27913.8187158996,93.1549835205078
Turkey,69.37882,26385.0019383343,100.947647094727
Turkey,69.14468,25958.6407622392,103.027297973633
Tuvalu,,4274.76316552592,85.2998123168945
Tuvalu,,3945.56367272662,86.0298919677734
Tuvalu,,3896.74847292992,89.8047466278076
Tuvalu,,3787.81664219543,88.0904922485352
Tuvalu,,3720.30531533443,99.7987899780273
Uganda,59.9818,2187.46522731754,103.117925008138
Uganda,58.38634,2121.96781993514,103.117925008138
Uganda,57.87464,2074.65243576542,102.704711914063
Uganda,57.28983,2075.01166590088,104.000663757324
Uganda,56.6304,2054.09044873783,102.648399353027
United Arab Emirates,80.91489,67119.153244137,114.41236114502
United Arab Emirates,81.58883,66968.2211775042,110.7562217712405
United Arab Emirates,79.30036,67183.6053111678,108.39705657959
United Arab Emirates,77.43435,66510.9029855157,108.672706604004
United Arab Emirates,76.28546,65218.8204340815,111.542762756348
United Kingdom,83.54968,46406.4617483484,100.49146270752
United Kingdom,83.55123,46037.9005384222,100.995552062988
United Kingdom,83.21535,45744.7104907571,101.154556274414
United Kingdom,83.34108,45268.7304537314,101.33521270752
United Kingdom,83.33719,44840.7826443684,101.925270080566
United States,83.99668,62630.8732765742,100.981300354004
United States,83.57395,61585.7560382102,101.256561279297
United States,83.59008,60109.6557260477,101.821441650391
United States,83.58991,59112.2422096532,101.362861633301
United States,83.59247,58540.2960929977,100.299911499023
Uruguay,61.53994,23032.7340435597,104.305038452148
Uruguay,61.36826,23035.0833880454,106.017227172852
Uruguay,61.031,23009.8742286911,108.459442138672
Uruguay,60.68692,22724.0221342831,109.707778930664
Uruguay,60.1749,22425.8300844671,111.040481567383
Uzbekistan,69.87898,7014.32469877717,102.221481323242
Uzbekistan,67.75199,6755.48097366685,104.232978820801
Uzbekistan,66.61398,6518.8046866066,103.654922485352
Uzbekistan,62.09399,6346.33477752569,101.572486877441
Uzbekistan,61.6759,6086.71574219326,99.9319305419922
Vanuatu,61.05191,3117.67883228873,118.642601013184
Vanuatu,60.72518,3093.46154723291,113.967235565186
Vanuatu,60.92111,3081.83519771335,113.967235565186
Vanuatu,60.9024,2973.46761331833,113.967235565186
Vanuatu,59.34431,2915.70045998521,109.291870117188
Vietnam,69.76594,8041.17838409676,115.435173034668
Vietnam,68.56869,7585.94315504036,110.59481048584
Vietnam,66.9796,7155.4431870997,109.150833129883
Vietnam,65.28861,6767.77883209752,111.204917907715
Vietnam,62.60371,6438.25985369358,109.886993408203
West Bank and Gaza,59.97873,6245.44869712345,97.7313385009766
West Bank and Gaza,59.66608,6318.21006766832,98.6041107177734
West Bank and Gaza,59.27638,6401.74089135074,98.9165267944336
West Bank and Gaza,55.48372,6438.93364028868,97.4510116577148
West Bank and Gaza,54.17414,6048.97659721444,97.5114288330078
Zambia,66.93648,3470.44802371756,99.59432729085283
Zambia,65.7117,3521.5420629895,99.59432729085283
Zambia,64.23311,3485.02178024575,98.7155227661133
Zambia,60.25434,3467.88744782793,98.6069793701172
Zambia,60.45046,3443.55325404862,101.460479736328
Zimbabwe,54.46935,3027.65603782166,97.1402130126953
Zimbabwe,50.50998,3341.66541766316,97.7508087158203
Zimbabwe,48.58986,3274.6111982423,98.9331893920898
Zimbabwe,47.79435,3173.61082862955,101.309677124023
Zimbabwe,47.80355,3198.982128793,103.833992004395
